Complexity,Loss,Equation
1,0.00044107155,"0.95960015"
5,8.2073784e-5,"(x0 + 327.60968) / 353.391"
7,4.9628532e-5,"(x0 - -4.2226562) / (x0 + 4.7518897)"
9,4.733966e-5,"(x0 + 4.7311206) / ((x0 - 0.0965823) + 5.3822064)"
13,3.627316e-5,"(x0 - -3.9165065) / ((4.4021316 + x0) + (-0.48425514 / (x1 * -0.6153482)))"
19,3.4470988e-5,"(x0 - -3.9165065) / ((4.4021316 + x0) + (-0.48425514 / ((x1 * -0.6153482) + ((x1 + 3.3317897) / x1))))"
23,3.4020948e-5,"(x0 - -3.9165065) / (((x0 + 4.4021316) + (-0.48425514 / ((x1 * -0.6153482) + (x1 / x1)))) - ((-1.9289092 / x1) / x1))"
25,3.3960117e-5,"(x0 - -3.9165065) / (((4.4021316 + x0) + (-0.48425514 / ((x1 * -0.6153482) + ((x1 + 3.3317897) / x1)))) - ((-1.9289092 / x1) / x1))"
27,3.101862e-5,"((x0 - -3.9630237) / (((x0 + 4.410217) + (-0.48480746 / ((x1 * -0.61670774) + ((x1 + -1.3823433) / x1)))) - ((-1.9289417 / x1) / x1))) + -0.002811752"
